{
    "JumperAgent": {
        "checkpoints": [
            {
                "steps": 6513,
                "file_path": "results/ppo/JumperAgent/JumperAgent-6513.onnx",
                "reward": -1.0,
                "creation_time": 1714136382.013676,
                "auxillary_file_paths": [
                    "results/ppo/JumperAgent/JumperAgent-6513.pt"
                ]
            }
        ],
        "final_checkpoint": {
            "steps": 6513,
            "file_path": "results/ppo/JumperAgent.onnx",
            "reward": -1.0,
            "creation_time": 1714136382.013676,
            "auxillary_file_paths": [
                "results/ppo/JumperAgent/JumperAgent-6513.pt"
            ]
        }
    },
    "metadata": {
        "stats_format_version": "0.3.0",
        "mlagents_version": "0.30.0",
        "torch_version": "1.11.0"
    }
}